8dio,com.8dio.soundpaint,Soundpaint.vst3
accusonus,com.accusonus.rhythmiq,Rhythmiq.vst3
aixdsp,com.aixdsp.midimonitor,MIDIMonitor.vst3
akaipro,com.akaipro.flexbeat,Flex Beat.vst3
algonaut,com.algonaut.atlas,Atlas.vst3
anwida,com.anwida.vst3.spatiolight,AS_SPATIOLight.vst3
anwida,com.anwida.vst3.filter,AS_Filter.vst3
app,app.cradle.thegodparticle,Cradle The God Particle.vst3
applied-acoustics,com.applied-acoustics.strum gs-2 vst,Applied Acoustics Systems/Strum GS-2.vst3
applied-acoustics,com.applied-acoustics.lounge lizard ep-4 vst,Applied Acoustics Systems/Lounge Lizard EP-4.vst3
applied-acoustics,com.applied-acoustics.lounge lizard session 4 vst,Applied Acoustics Systems/Lounge Lizard Session 4.vst3
applied-acoustics,com.applied-acoustics.aas player vst,Applied Acoustics Systems/AAS Player.vst3
applied-acoustics,com.applied-acoustics.strum session 2 vst,Applied Acoustics Systems/Strum Session 2.vst3
applied-acoustics,com.applied-acoustics.ultra analog session 2 vst,Applied Acoustics Systems/Ultra Analog Session 2.vst3
applied-acoustics,com.applied-acoustics.objeq delay vst,Applied Acoustics Systems/Objeq Delay.vst3
arturia,com.arturia.pigments.vst3,Pigments.vst3
arturia,com.arturia.analog-lab-v.vst3,Analog Lab V.vst3
arturia,com.arturia.chorus-jun-6.vst3,Chorus JUN-6.vst3
arturia,com.arturia.tape-mello-fi.vst3,Tape MELLO-FI.vst3
arturia,com.arturia.filter-ms-20.vst3,Filter MS-20.vst3
audialab,com.audialab.humanize,Humanize.vst3
audialab,com.audialab.emergentdrums,EmergentDrums.vst3
audio,audio.chair.excitecymbal.vst3,excite_cymbal.vst3
audio,audio.chair.excitesnaredrum.vst3,excite_snare_drum.vst3
audio,audio.vital.synth,Vital.vst3
audio,audio.pulsar.w495,Pulsar/Pulsar W495.vst3
audioassault,com.audioassault.vst3.druminator,Druminator.vst3
audioassault,com.audioassault.vst3.grindmachine,GrindMachine.vst3
audioassault,com.audioassault.headcrusherv2,Head Crusher v2.vst3
audioassault,com.audioassault.sigmaex,Sigma EX M1.vst3
audioassault,com.audioassault.xctrv3,XCTR v3 M1.vst3
audioassault,com.audioassault.airimpulserack,aIR Impulse Rack M1.vst3
audioblast,com.audioblast.instalooper3,InstaLooper3.vst3
audioblast,com.audioblast.breadslicer,BreadSlicer.vst3
audioblast,com.audioblast.acidbox,AcidBox.vst3
audioblast,com.audioblast.blastdelay3,BlastDelay3.vst3
audiodamage,com.audiodamage.vst3.filterstation,Filterstation.vst3
audiodamage,com.audiodamage.dubstation2,Dubstation 2.vst3
audiomodern,com.audiomodern.playbeat3,Playbeat 3.vst3
audiomodern,com.audiomodern.loopmix,Loopmix.vst3
audiomodern,com.audiomodern.filterstepc,Filterstep.vst3
audiomodern,com.audiomodern.gatelab,Gatelab.vst3
audiomodern,com.audiomodern.chordjam,Chordjam.vst3
audiomodern,com.audiomodern.panflow,Panflow.vst3
audiomodern,com.audiomodern.riffer,Riffer.vst3
audiomovers,com.audiomovers.inject,Inject.vst3
audiority,com.audiority.polaris,Audiority/Polaris.vst3
audiority,com.audiority.spacestationum282,Audiority/Space Station UM282.vst3
audiothing,com.audiothing.outerspace,OuterSpace.vst3
audiothing,com.audiothing.thingstilt,ThingsFlipEQ.vst3
audiothing,com.audiothing.noises,Noises.vst3
audiothing,com.audiothing.thingscrusher,ThingsCrusher.vst3
audiothing,com.audiothing.spacestrip,SpaceStrip.vst3
audiothing,com.audiothing.blindfoldeq,BlindfoldEQ.vst3
audiothing,com.audiothing.thingstexture,ThingsTexture.vst3
audiothing,com.audiothing.thingsbubbles,ThingsBubbles.vst3
audiothing,com.audiothing.sr88,SR88.vst3
audiothing,com.audiothing.latinpercussion,LatinPercussion.vst3
audiothing,com.audiothing.filterjamplugin,Filterjam.vst3
audiothing,com.audiothing.thingsmotor,ThingsMotor.vst3
audiothing,com.audiothing.springs,Springs.vst3
audiothing,com.audiothing.hats,Hats.vst3
audiothing,com.audiothing.fogconvolver2,FogConvolver2.vst3
audiothing,com.audiothing.alborosiedubstation,AlborosieDubStation.vst3
audiothing,com.audiothing.valves,Valves.vst3
babyaudio,com.babyaudio.spacedout,SpacedOut.vst3
babyaudio,com.babyaudio.magicdice,MagicDice.vst3
babyaudio,com.babyaudio.parallelaggressor,ParallelAggressor.vst3
babyaudio,com.babyaudio.crystalline,Crystalline.vst3
babyaudio,com.babyaudio.pitchdrift,PitchDrift.vst3
babyaudio,com.babyaudio.babycomeback,BabyComeback.vst3
babyaudio,com.babyaudio.ba1,BA-1.vst3
babyaudio,com.babyaudio.magicswitch,MagicSwitch.vst3
babyaudio,com.babyaudio.transit,Transit.vst3
beatskillz,com.beatskillz.swdrumsv2,SWDrumsV2.vst3
beatskillz,com.beatskillz.swdrumsv2_small,SWDrumsV2_small.vst3
birdbird,com.birdbird.rollingsampler,Rolling Sampler.vst3
bleass,com.bleass.bleassalpha,BLEASS Alpha.vst3
bleass,com.bleass.bleasssidekick,BLEASS Sidekick.vst3
bleass,com.bleass.bleassomega,BLEASS Omega.vst3
bluecataudio,com.bluecataudio.bc-flanger-3-vst3-stereo-,BC Flanger 3 VST3(Stereo).vst3
bluecataudio,com.bluecataudio.bc-freqanalyst-2-vst3-mono-,BC FreqAnalyst 2 VST3(Mono).vst3
bluecataudio,com.bluecataudio.bc-patchwork-synth-vst3,BC PatchWork Synth VST3.vst3
bluecataudio,com.bluecataudio.bc-freqanalyst-2-vst3-stereo-,BC FreqAnalyst 2 VST3(Stereo).vst3
bluecataudio,com.bluecataudio.bc-triple-eq-4-vst3-mono-,BC Triple EQ 4 VST3(Mono).vst3
bluecataudio,com.bluecataudio.bc-gain-3-vst3-dual-,BC Gain 3 VST3(Dual).vst3
bluecataudio,com.bluecataudio.bc-triple-eq-4-vst3-stereo-,BC Triple EQ 4 VST3(Stereo).vst3
bluecataudio,com.bluecataudio.bc-connector-vst3,BC Connector VST3.vst3
bluecataudio,com.bluecataudio.bc-chorus-4-vst3-mono-,BC Chorus 4 VST3(Mono).vst3
bluecataudio,com.bluecataudio.bc-phaser-3-vst3-stereo-,BC Phaser 3 VST3(Stereo).vst3
bluecataudio,com.bluecataudio.bc-chorus-4-vst3-stereo-,BC Chorus 4 VST3(Stereo).vst3
bluecataudio,com.bluecataudio.bc-free-amp-vst3,BC Free Amp VST3.vst3
bluecataudio,com.bluecataudio.bc-patchwork-vst3,BC PatchWork VST3.vst3
bluecataudio,com.bluecataudio.bc-gain-3-vst3-mono-,BC Gain 3 VST3(Mono).vst3
bluecataudio,com.bluecataudio.bc-triple-eq-4-vst3-dual-,BC Triple EQ 4 VST3(Dual).vst3
bluecataudio,com.bluecataudio.bc-flanger-3-vst3-mono-,BC Flanger 3 VST3(Mono).vst3
bluecataudio,com.bluecataudio.bc-phaser-3-vst3-mono-,BC Phaser 3 VST3(Mono).vst3
bluecataudio,com.bluecataudio.bc-gain-3-vst3-stereo-,BC Gain 3 VST3(Stereo).vst3
bomshankamachines,com.bomshankamachines.plasticityfilter,plasticityFilter.vst3
bomshankamachines,com.bomshankamachines.occularscope,occularScope.vst3
bozdigitallabs,com.bozdigitallabs.panipulator3,Panipulator 3.vst3
bozdigitallabs,com.bozdigitallabs.vst3.littleclipper,LittleClipper.vst3
bozdigitallabs,com.bozdigitallabs.vst3.barkofdog2,BarkOfDog2.vst3
bozdigitallabs,com.bozdigitallabs.vst3.imperialdelay_1_5,ImperialDelay_1_5.vst3
bozdigitallabs,com.bozdigitallabs.vst3.widthknob,WidthKnob.vst3
braincontrol,org.braincontrol.tunefish4,Tunefish4.vst3
cableguys,de.cableguys.halftime,HalfTime.vst3
cableguys,de.cableguys.shaperbox3,ShaperBox 3.vst3
cableguys,de.cableguys.kickstart2,Kickstart 2.vst3
caelumaudio,com.caelumaudio.fluxpro,Flux Pro.vst3
celemony,com.celemony.melodyne.vst3,Melodyne.vst3
cherryaudio,com.cherryaudio.memorymode,Memorymode.vst3
cherryaudio,com.cherryaudio.elkax,Elka-X.vst3
cherryaudio,com.cherryaudio.stardust201,Stardust 201 Tape Echo.vst3
cherryaudio,com.cherryaudio.ps20,PS-20 FX.vst3
cherryaudio,com.cherryaudio.sines,Sines.vst3
cherryaudio,com.cherryaudio.galactic,Galactic Reverb.vst3
cherryaudio,com.cherryaudio.ps20,PS-20.vst3
cherryaudio,com.cherryaudio.mg1,Surrealistic MG-1 Plus.vst3
cherryaudio,com.cherryaudio.eightvoice,Eight Voice.vst3
cherryaudio,com.cherryaudio.mercury6,Mercury-6.vst3
cherryaudio,com.cherryaudio.octavecat,Octave Cat.vst3
cherryaudio,com.cherryaudio.harmonia,Harmonia.vst3
cherryaudio,com.cherryaudio.dreamsynth,Dreamsynth.vst3
chowdsp,com.chowdsp.chowmatrix,ChowMatrix.vst3
chowdsp,com.chowdsp.chowkick,ChowKick.vst3
chowdsp,com.chowdsp.chowphaserstereo,ChowPhaserStereo.vst3
chowdsp,com.chowdsp.chowmultitool,ChowMultiTool.vst3
chowdsp,com.chowdsp.byod,BYOD.vst3
chowdsp,com.chowdsp.chowtapemodel,CHOWTapeModel.vst3
chowdsp,com.chowdsp.chowphasermono,ChowPhaserMono.vst3
chowdsp,com.chowdsp.chowcentaur,ChowCentaur.vst3
cognitone,com.cognitone.sprike,Sprike.vst3
com,raum.vst3,Raum.vst3
com,raum.vst3,Raum.vst3
com,freak.vst3,Freak.vst3
com,freak.vst3,Freak.vst3
com,super 8.vst3,Super 8.vst3
com,super 8.vst3,Super 8.vst3
congburn,com.congburn.strokes,Strokes.vst3
cwitec,com.cwitec.tx16wx,TX16Wx.vst3
cymatics,com.cymatics.cymaticsdiablolite,Cymatics Diablo Lite.vst3
cymatics,com.cymatics.cymaticsspacelite,Cymatics Space Lite.vst3
cymatics,com.cymatics.cymaticsorigin,Cymatics Origin.vst3
d16group,com.d16group.tekturon,Tekturon.vst3
d16group,com.d16group.repeater,Repeater.vst3
d16group,com.d16group.frontier,Frontier.vst3
d16group,com.d16group.phoscyon2,Phoscyon2.vst3
d16group,com.d16group.drumazon2,Drumazon2.vst3
decided,ly.decided.decentsampler,DecentSampler.vst3
dev,dev.cmajor.plugin,CmajPlugin.vst3
devicemeister,com.devicemeister.stepicvst,StepicVST.vst3
deviousmachines,com.deviousmachines.infiltrator,Infiltrator.vst3
digitalsuburban,com.digitalsuburban.dexed,Dexed.vst3
distocore,com.distocore.vst3.bazzmurda,BazzMurda_v1_8_2_FREE.vst3
doom plugs,com.doom plugs.vst3.bratwurstfuzz,BratwurstFuzz.vst3
dr,com.dr. audio.neuralnote,NeuralNote.vst3
emvoice,com.emvoice.one,emvoiceone.vst3
engineering,engineering.noise.rv,Noise Engineering/Ruina.vst3
engineering,engineering.noise.siv,Noise Engineering/Sinc Vereor.vst3
engineering,engineering.noise.viv,Noise Engineering/Virt Vereor.vst3
ericasynths,com.ericasynths.zendelayvirtual,Zen Delay Virtual.vst3
eventiquadravox,com.eventide.quadravox,Eventide/Quadravox.vst3
eventispliteq,com.eventide.spliteq,Eventide/SplitEQ.vst3
excite audio,com.excite audio.plugin,Lifeline Console.vst3
excite audio,com.excite audio.lofimodular,Lifeline Expanse.vst3
fatar,com.fatar.studiologic.numaxplayer,Numa Player.vst3
flair,flair.vst3,Flair.vst3
flair,flair.vst3,Flair.vst3
fm8,fm8.vst3,FM8.vst3
fm8,fm8.vst3,FM8.vst3
futucraft,com.futucraft.kairatune,Kairatune.vst3
futureaudioworkshop,com.futureaudioworkshop.sublab,SubLab.vst3
futureaudioworkshop,com.futureaudioworkshop.sublabxl,SubLabXL.vst3
glitchmachines,com.glitchmachines.convex,Convex.vst3
glitchmachines,com.glitchmachines.fracturext,FractureXT.vst3
glitchmachines,com.glitchmachines.hysteresis,Hysteresis.vst3
glitchmachines,com.glitchmachines.fracture,Fracture.vst3
glitchmachines,com.glitchmachines.polygon2,Polygon2.vst3
glitchmachines,com.glitchmachines.tactic,Tactic.vst3
glitchmachines,com.glitchmachines.subvert2,Subvert2.vst3
gorangrooves,com.gorangrooves.handydrums,GoranGrooves/Handy Drums/Handy Drums- Reggae Standard.vst3
greenoaksoftware,com.greenoaksoftware.tungsten,Tungsten.vst3
guitarml,com.guitarml.chameleon,Chameleon.vst3
hexachords,com.hexachords.orbproducer,Orb Arpeggios.vst3
hexachords,com.hexachords.orbproducer,Orb Melody.vst3
hexachords,com.hexachords.orbproducer,Orb Chords.vst3
hexachords,com.hexachords.orbproducer,Orb Bass.vst3
hyplugins,com.hyplugins.hyesg,HY-ESG.vst3
hyplugins,com.hyplugins.hyseqcollection2_free,HY-SeqCollection2_free.vst3
hyplugins,com.hyplugins.hymps2free,HY-MPS2 free.vst3
igniteamps,com.igniteamps.audioplugins.vst3.nadir,NadIR.vst3
igniteamps,com.igniteamps.audioplugins.vst3.emissary,Emissary.vst3
imperfect.vst3,com.w.a.production.vst3.imperfect,ImPerfect.vst3
impulserecord,com.impulserecord.convologyxt,ConvologyXT.vst3
initialaudio,com.initialaudio.dynamicdelay,Initial Dynamic Delay.vst3
initialaudio,com.initialaudio.sektor,Sektor.vst3
initialaudio,com.initialaudio.slicemultioutput,Initial Slice (Multi Output).vst3
initialaudio,com.initialaudio.slice,Initial Slice.vst3
inmusicbrands,com.inmusicbrands.delaypro,AIR Delay Pro.vst3
instantaudio,com.instantaudio.quickag,QuickAG.vst3
instantaudio,com.instantaudio.quickbass,QuickBass.vst3
izotope,com.izotope.audioplugins.vst.trash2,iZotope Trash 2.vst3
izotope,com.izotope.audioplugins.vst.iris2,iZotope Iris 2.vst3
izotope,com.izotope.audioplugins.vst.breaktweaker,iZotope BreakTweaker.vst3
jamstik,com.jamstik.creator.vst3,Jamstik Creator.vst3
josephlyncheski,com.josephlyncheski.minimetersserver,MiniMetersServer.vst3
k-devices,com.k-devices.tatat_instrument,TATAT.vst3
karanyisounds,com.karanyisounds.minipol,Minipol.vst3
kazrog,com.kazrog.kclip3,KClip3.vst3
kdevices,com.kdevices.magma,Magma.vst3
klanghelm,com.klanghelm.ivgi2,IVGI2.vst3
klanghelm,com.klanghelm.dc1a3,DC1A3.vst3
klanghelm,com.klanghelm.mjucjr,MJUCjr.vst3
klevgrand,com.klevgrand.hillman,hillman.vst3
klevgrand,com.klevgrand.freeamp,FreeAMP.vst3
klevgrand,com.klevgrand.slammer,slammer.vst3
klevgrand,com.klevgrand.tomofon,Tomofon.vst3
klevgrand,com.klevgrand.winterspeldosa,Speldosa.vst3
klevgrand,com.klevgrand.borsta,borsta.vst3
klevgrand,com.klevgrand.grandfinale,grandfinale.vst3
klevgrand,com.klevgrand.tines,tines.vst3
klevgrand,com.klevgrand.stark,STARK.vst3
klevgrand,com.klevgrand.luxe,luxe.vst3
klevgrand,com.klevgrand.skaka,skaka.vst3
klevgrand,com.klevgrand.richters,Richter.vst3
klevgrand,com.klevgrand.dawcassette,dawcassette.vst3
klevgrand,com.klevgrand.r0verb,r0verb.vst3
klevgrand,com.klevgrand.fosfat,fosfat.vst3
klevgrand,com.klevgrand.svep,svep.vst3
klevgrand,com.klevgrand.modley,modley.vst3
klevgrand,com.klevgrand.jussi,jussi.vst3
klevgrand,com.klevgrand.brusfri,brusfri.vst3
klevgrand,com.klevgrand.syndtsphere,SyndtSphere.vst3
klevgrand,com.klevgrand.baervaag,baervaag.vst3
klevgrand,com.klevgrand.pads,pads.vst3
klevgrand,com.klevgrand.vandelay,Vandelay.vst3
klevgrand,com.klevgrand.synd,syndt.vst3
kshmressentialskick,com.kshmressentialskick,KSHMREssentialsKick.vst3
kushview,net.kushview.plugins.element,KV_Element.vst3
kushview,net.kushview.plugins.elementfx,KV_ElementFX.vst3
kv331audio,com.kv331audio.synthmaster2vst3,SynthMaster2.vst3
kv331audio,com.kv331audio.synthmasteronevst3,SynthMaster1.vst3
kv331audio,com.kv331audio.synthmasterplayervst3,SynthMasterPlayer.vst3
kvraudio,com.kvraudio.vst3.orilriver,OrilRiver.vst3
loomer,uk.co.loomer.architect.vst3,Architect.vst3
loopmasters,com.loopmasters.loopcloud,Loopcloud.vst3
loopmasters,com.loopmasters.loopcloudplay,Loopcloud Play.vst3
loopmasters,com.loopmasters.loopclouddrum,Loopcloud Drum.vst3
loopmasters,com.loopmasters.loopcloudsounds,Loopcloud Sounds.vst3
minimal,com.minimal.clusterdelay,Cluster Delay.vst3
minimal,com.minimal.morpheq,Morph EQ.vst3
minimal,com.minimal.riftfeedbacklite,Rift Feedback Lite.vst3
minimal,com.minimal.rift,Rift.vst3
minimal,com.minimal.rift_filter_lite,Rift Filter Lite.vst3
mixdsp,com.mixdsp.vst3.hq2,HQ2.vst3
mixedinkey,com.mixedinkey.vst3.captain.chords,Captain Chords Epic.vst3
mixedinkey,com.mixedinkey.vst3.captain.melody,Captain Melody Epic.vst3
mixedinkey,com.mixedinkey.vst3.captain.play,Captain Play Epic.vst3
mixedinkey,com.mixedinkey.vst3.captain.beat,Captain Beat Epic.vst3
mixedinkey,com.mixedinkey.vst3.captain.deep,Captain Deep Epic.vst3
mlsoundlab,com.mlsoundlab.mikko2,MIKKO2.vst3
modalics,com.modalics.mindst-drums,MINDst Drums.vst3
modalics,com.modalics.midiator,MIDIator.vst3
modalics,com.modalics.beatscholar,Beat Scholar.vst3
modalics,com.modalics.midiremodfx,MIDI ReMod FX.vst3
modalics,com.modalics.midiatorfx,MIDIator FX.vst3
modalics,com.modalics.midiremod,MIDI ReMod.vst3
modalics,com.modalics.eon-arp,EON-Arp.vst3
modartt,com.modartt.pianoteq8.vst3,Pianoteq 8.vst3
mogwaiaudiotools,com.mogwaiaudiotools.mgatemulti,MGATE-MULTI.vst3
monkeycaudio,com.monkeycaudio.rewind,Rewind.vst3
monkeycaudio,com.monkeycaudio.rewindmidifx,Rewind MIDI FX.vst3
moogmusic,com.moogmusic.animoogz.wrapped.animoogzextensioninstrument,Animoog Z.vst3
moogmusic,com.moogmusic.mf108s,MF-108S.vst3
moogmusic,com.moogmusic.mf103s,MF-103S.vst3
moogmusic,com.moogmusic.animoogz.wrapped.animoogzextensioneffect,Animoog Z Effect.vst3
muramasa,com.muramasa.electrum,Electrum.vst3
mycompany,com.mycompany.product,The Fuzz.vst3
mycompany,com.mycompany.product,Warmy EP1A V2.vst3
native instruments,choral.vst3,Choral.vst3
native instruments,choral.vst3,Choral.vst3
native instruments,reaktor 6.vst3,Reaktor 6.vst3
native instruments,reaktor 6.vst3,Reaktor 6.vst3
native instruments,replika xt.vst3,Replika XT.vst3
native instruments,replika xt.vst3,Replika XT.vst3
native instruments,guitar rig 6.vst3,Guitar Rig 6.vst3
native instruments,guitar rig 6.vst3,Guitar Rig 6.vst3
native instruments,guitar rig 7.vst3,Guitar Rig 7.vst3
native instruments,guitar rig 7.vst3,Guitar Rig 7.vst3
native instruments,kontakt.vst3,Kontakt.vst3
native instruments,kontakt.vst3,Kontakt.vst3
native instruments,phasis.vst3,Phasis.vst3
native instruments,phasis.vst3,Phasis.vst3
native instruments,komplete kontrol.vst3,Komplete Kontrol.vst3
native instruments,komplete kontrol.vst3,Komplete Kontrol.vst3
native instruments,supercharger.vst3,Supercharger.vst3
native instruments,supercharger.vst3,Supercharger.vst3
native instruments,kontakt 7.vst3,Kontakt 7.vst3
native instruments,kontakt 7.vst3,Kontakt 7.vst3
nembriniaudio,com.nembriniaudio.natuner,NA Tuner.vst3
nembriniaudio,com.nembriniaudio.nabigstuff,NA Big Stuff.vst3
nembriniaudio,com.nembriniaudio.delay3000,NA Delay3000.vst3
newfangledaudio,com.newfangledaudio.generate,Newfangled Audio/Generate.vst3
newfangledaudio,com.newfangledaudio.pendulate,Newfangled Audio/Pendulate.vst3
newnationaudio,com.newnationaudio.naturasampledanalog,Natura.vst3
nilsschneider,com.nilsschneider.vst3.k1v,NilsK1v.vst3
nl,nl.igorski.vst.darvaza,Darvaza.vst3
nugenaudio,com.nugenaudio.aligner_au,NUGEN Aligner.vst3
nugenaudio,com.nugenaudio.monofilter_au,NUGEN Monofilter4.vst3
orchestraltools,com.orchestraltools.sineplayer.vst3,SINE Player.vst3
pitchinnovations,com.pitchinnovations.fluidchords,Fluid Chords.vst3
plugdata,com.plugdata.plugdata_fx,plugdata-fx.vst3
plugdata,com.plugdata.plugdata,plugdata.vst3
plugin alliance,com.plugin alliance.doublemsv2,Schoeps Double MS.vst3
plugin-alliance,com.plugin-alliance.plugins.vst3.knifaudioknifonium,Knif Audio Knifonium.vst3
plugin-alliance,com.plugin-alliance.plugins.vst3.elysianiveaufilter,elysia niveau filter.vst3
pluginboutique,com.pluginboutique.scaler2,Scaler2.vst3
pluginboutique,com.pluginboutique.scaleraudio2,ScalerAudio2.vst3
polarity_thms,com.polarity_thms.chordfilter,Polarity Chord Filter.vst3
polyverwider,com.polyverse.wider,Wider.vst3
positivegrid,com.positivegrid.biasfx2,BIAS FX 2.vst3
presonus,com.presonus.vst3shell,PreSonus VST3 Shell.vst3
qosmo,com.qosmo.neutone,neutone.vst3
roli,com.roli.studiodrums,ROLI Studio Drums.vst3
roli,com.roli.studioplayer,ROLI Studio Player.vst3
samplescience,com.maizesoft.msp,Resonance v2.vst3
samplescience,com.maizesoft.msp,Sitar Renaissance v2 macOS VST3/Sitar Renaissance v2.vst3
samplescience,com.maizesoft.msp,RetroVibes.vst3
samplescience,com.maizesoft.msp,VS Conga.vst3
samplescience,com.maizesoft.msp,808XD Mac VST3/808XD.vst3
samplescience,com.maizesoft.msp,Gorilla Bass v2.vst3
samplescience,com.maizesoft.msp,Quiet Piano.vst3
samplescience,com.maizesoft.msp,Analog Waveforms macOS v2.0 VST3/Analog Waveforms v2.vst3
samplescience,com.maizesoft.msp,Lo-Fi VaporTones v1.1 macOS VST3/LoFi Vaportones.vst3
samplescience,com.maizesoft.msp,RetroVibes 2 Mac VST3/RetroVibes 2.vst3
samplescience,com.maizesoft.msp,Cassette Roads macOS VST3 v1.4/Cassette Roads.vst3
samplescience,com.maizesoft.msp,Serenity 2.vst3
samplescience,com.maizesoft.msp,Rain Maker.vst3
samplescience,com.maizesoft.msp,UltraBasic v2 macOS VST3/UltraBasic v2.vst3
samplescience,com.maizesoft.msp,Orange Dreams.vst3
samplescience,com.maizesoft.msp,606 Koncept Pro macOS VST3 v1.0/606 Koncept Pro.vst3
samplescience,com.maizesoft.msp,Nostromos v2.vst3
samplescience,com.maizesoft.msp,FunkBass 3 Mac VST3/FunkBass 3.vst3
samplescience,com.maizesoft.msp,Nu Guzheng macOS VST3 v2.0/Nu Guzheng v2.vst3
samplescience,com.maizesoft.msp,SampleScience/Pianotone 600.vst3
samplescience,com.maizesoft.msp,SampleScience/The Gong macOS VST3 v1.1/The Gong v1.1.vst3
samplescience,com.maizesoft.msp,SampleScience/Rusty Piano.vst3
samplescience,com.maizesoft.msp,SampleScience/Abstract Crystal Pads macOS VST3 v1.1/Abstract Crystal Pads.vst3
samplescience,com.maizesoft.msp,SampleScience/French Violin.vst3
samplescience,com.maizesoft.msp,SampleScience/Vibraphone Renaissance macOS VST3 v1.1/Vibraphone Renaissance v1.1.vst3
samplescience,com.maizesoft.msp,SampleScience/Hexagon Sky.vst3
samplescience,com.maizesoft.msp,SampleScience/Pastoral Tones.vst3
samplescience,com.maizesoft.msp,SampleScience/Northern Boarders.vst3
samplescience,com.maizesoft.msp,SampleScience/Four EP.vst3
samplescience,com.maizesoft.msp,SampleScience/Deep Jupiter.vst3
samplescience,com.maizesoft.msp,SampleScience/Pine Forest Drums.vst3
samplescience,com.maizesoft.msp,SampleScience/Crystal Harp.vst3
samplescience,com.maizesoft.msp,SampleScience/Nu Guzheng.vst3
samplescience,com.maizesoft.msp,SampleScience/Toy Keyboard.vst3
samplescience,com.maizesoft.msp,SampleScience/Synthetic Vortices.vst3
samplescience,com.maizesoft.msp,SampleScience/Oberom.vst3
samplescience,com.maizesoft.msp,SampleScience/Cassette Roads.vst3
samplescience,com.maizesoft.msp,SampleScience/Ultrabasic.vst3
samplescience,com.maizesoft.msp,SampleScience/606 Koncept.vst3
samplescience,com.maizesoft.msp,SampleScience/Room Piano v3.vst3
samplescience,com.maizesoft.msp,Toy Keyboard v3.0 macOS VST3/Toy Keyboard v3.vst3
samplescience,com.maizesoft.msp,Pastoral Piano v2 macOS VST3 v2.0/Pastoral Piano v2.vst3
samplescience,com.maizesoft.msp,1960s Drum Kit v1.0 macOS VST3/1960s Drum Kit.vst3
samplescience,com.maizesoft.msp,Mel-Lofi 2 Mac VST3/Mel-Lofi 2.vst3
samplescience,com.maizesoft.msp,SOLARIS GTR LITE VST3 MAC/Solaris GTR Lite.vst3
samplescience,com.maizesoft.msp,FunkBass.vst3
samplescience,com.maizesoft.msp,Room Piano v3 macOS VST3 v1.1/Room Piano v3.vst3
samplescience,com.maizesoft.msp,Synthetic Vortices v2.0 macOS VST3/Synthetic Vortices v2.vst3
samplescience,com.maizesoft.msp,PlastikGuitar.vst3
samplescience,com.maizesoft.msp,Zither Renaissance macOS VST3 v2.0/Zither Renaissance v2.vst3
samplescience,com.maizesoft.msp,SQ8ROM.vst3
samplescience,com.maizesoft.msp,Drum8.vst3
samplescience,com.maizesoft.msp,Modular Synth VCO macOS VST3 v1.0/Modular Synth VCO.vst3
samplescience,com.maizesoft.msp,Sitar Renaissance XL v1.0 macOS VST3/Sitar Renaissance XL.vst3
sinuslabs,com.sinuslabs.reach,Reach.vst3
sixthsample,com.sixthsample.deelay,Deelay.vst3
slatedigital,com.slatedigital.freshair,Slate Digital/Fresh Air.vst3
softube,com.softube.tubedelay_vst_au_protect_vst3,Tube Delay.vst3
softube,com.softube.dirtytape_vst_au_protect_vst3,Dirty Tape.vst3
softube,com.softube.saturationknob_vst_au_protect_vst3,Saturation Knob.vst3
songwish,ca.songwish.remidi2,reMIDI 2.vst3
songwish,ca.songwish.rechannel,reChannel.vst3
sonicacademy,com.sonicacademy.ana2,ANA2.vst3
soniccharge,com.soniccharge.synplantauvst.268,Sonic Charge/Synplant.vst3
soniccharge,com.soniccharge.microtonicauvstmulti320,Sonic Charge/Microtonic Multi.vst3
soniccharge,com.soniccharge.permut8auvst.1028,Sonic Charge/Permut8.vst3
soniccharge,com.soniccharge.echobodeauvst.818,Sonic Charge/Echobode.vst3
soniccharge,com.soniccharge.bitspeekauvst.1011,Sonic Charge/Bitspeek.vst3
soniccharge,com.soniccharge.microtonicauvst320,Sonic Charge/Microtonic.vst3
sonosaurus,com.sonosaurus.paulxstretch,PaulXStretch.vst3
soonth,com.soonth.blocks,blocks.vst3
soundevicedigital,com.soundevicedigital.autoformer,Autoformer.vst3
soundevicedigital,com.soundevicedigital.frontdaw,FrontDAW.vst3
soundevicedigital,com.soundevicedigital.pluralis,Pluralis.vst3
soundfingers,com.soundfingers.heritageorgantwo,Heritage Organ 2.vst3
soundfingers,com.soundfingers.sknk,Le Skank.vst3
soundfingers,com.soundfingers.basstonex,BassTone X.vst3
soundfingers,com.soundfingers.dspl,Dub-SPL4.vst3
soundslates,com.soundslates.capsule,Capsule.vst3
soundspot,com.soundspot.union,Union.vst3
soundtoys,com.soundtoys.vst3.echoboyjr,Soundtoys/EchoBoyJr.vst3
soundtoys,com.soundtoys.vst3.echoboy,Soundtoys/EchoBoy.vst3
soundtoys,com.soundtoys.vst3.crystallizer,Soundtoys/Crystallizer.vst3
spectrasonics,com.spectrasonics.stym,StylusRMX.vst3
spherecomp.vst3,com.w.a.production.vst3.spherecomp,SphereComp.vst3
spherequad.vst3,com.w.a.production.vst3.spherequad,SphereQuad.vst3
spitfireaudio,com.spitfireaudio.nok,Nok Cultural Ensemble - Tape Percussion.vst3
spitfireaudio,com.spitfireaudio.bbcso,BBC Symphony Orchestra.vst3
spitfireaudio,com.spitfireaudio.labs,LABS.vst3
steinberg,com.steinberg.grooveagentse,Steinberg/Groove Agent SE.vst3
steinberg,com.steinberg.halionsonic,Steinberg/HALion Sonic.vst3
stevenatkinson,com.stevenatkinson.vst3.neuralampmodeler,NeuralAmpModeler.vst3
studio,studio.kx.distrho.wstd_dl3y,WSTD_DL3Y.vst3
studio,studio.kx.distrho.wstd_fl3ngr,WSTD_FL3NGR.vst3
studio,studio.kx.distrho.aida-x,AIDA-X.vst3
surge-synth-team,org.surge-synth-team.surge-xt-fx,Surge XT Effects.vst3
surge-synth-team,org.surge-synth-team.surge-xt,Surge XT.vst3
surrealmachines,com.surrealmachines.vst3.diffuse,Diffuse.vst3
surrealmachines,com.surrealmachines.vst3.impact,Impact.vst3
surrealmachines,com.surrealmachines.vst3.modnetic,Modnetic.vst3
surrealmachines,com.surrealmachines.vst3.crack,Crack.vst3
tbproaudio,com.tbproaudio.vst3.gsatplus,GSatPlus.vst3
tbproaudio,com.tbproaudio.vst3.dpmeter5,dpMeter5.vst3
the usual suspects,com.the usual suspects.juceplugin,Osirus.vst3
the wave warden,com.thewavewarden.odin2,Odin2.vst3
thenatan,com.thenatan.brain,Brain.vst3
thezhe,com.thezhe.vst3.thechorus,TheChorus.vst3
thezhe,com.thezhe.vst3.thesplit,TheSplit.vst3
thomasmundt,com.thomasmundt.loudmax,LoudMax.vst3
tilt,com.tilt.delay.mono.repeater,Mono Repeater.vst3
toguaudioline,ch.toguaudioline.talnoisemaker,TAL-NoiseMaker.vst3
tokyodawnlabs,com.tokyodawnlabs.tdrmolotok,TDR Molotok.vst3
tokyodawnlabs,com.tokyodawnlabs.tdrnova,TDR Nova.vst3
tokyodawnlabs,com.tokyodawnlabs.tdrvosslickeq,TDR VOS SlickEQ.vst3
tokyodawnlabs,com.tokyodawnlabs.tdrkotelnikov,TDR Kotelnikov.vst3
toneworks,com.toneworks.plugin,Catalyst.vst3
toybox,com.toybox.thumpone,Thump One.vst3
trackbout,com.trackbout.ripchord,Ripchord.vst3
tytel,org.tytel.helmplugin,helm.vst3
u-he,com.u-he.protoverb.vst3,Protoverb.vst3
u-he,com.u-he.hive.vst3,Hive.vst3
u-he,com.u-he.colourcopy.vst3,ColourCopy.vst3
u-he,com.u-he.zebra2.vst3,Zebra2.vst3
u-he,com.u-he.diva.vst3,Diva.vst3
u-he,com.u-he.mfm2.vst3,MFM2.vst3
u-he,com.u-he.podolski.vst3,Podolski.vst3
u-he,com.u-he.bazille.vst3,Bazille.vst3
u-he,com.u-he.triplecheese.vst3,TripleCheese.vst3
u-he,com.u-he.filterscape.vst3,Filterscape.vst3
u-he,com.u-he.zebrahz.vst3,ZebraHZ.vst3
uaudio,com.uaudio.effects.ui06,uaudio_polymax.vst3
uaudio,com.uaudio.effects.u3dj,uaudio_teletronix_la-2a_tc.vst3
ueberschall,com.ueberschall.elastikplayer,Elastik 3.vst3
ujam,com.ujam.finvood,FIN-VOOD.vst3
ujam,com.ujam.vgcarbon,VG-CARBON.vst3
ujam,com.ujam.synframe,USYNTH.vst3
ujam,com.ujam.vgamber2,VG-AMBER2.vst3
unfilteredaudio,com.unfilteredaudio.lion,Unfiltered Audio LION.vst3
ursadsp,com.ursadsp.lagrange,Lagrange.vst3
uvi,net.uvi.dualdelayx,DualDelayX.vst3
uvisoundsource,com.uvisoundsource.uviworkstation,UVIWorkstation.vst3
valhalladsp,com.valhalladsp.valhallafreqecho,ValhallaFreqEcho.vst3
valhalladsp,com.valhalladsp.valhallaspacemodulator,ValhallaSpaceModulator.vst3
valhalladsp,com.valhalladsp.valhallasupermassive,ValhallaSupermassive.vst3
valhalladsp,com.valhalladsp.valhalladelay,ValhallaDelay.vst3
vcvrack,com.vcvrack.rack,VCV Rack 2.vst3
viatordsp,com.viatordsp.viatorradiantq,viator-radiant-q-mac.vst3
voxengo,com.voxengo.audio-plugins.vst3.marvelgeq,Marvel GEQ.vst3
voxengo,com.voxengo.audio-plugins.vst3.tempodelay,Tempo Delay.vst3
voxengo,com.voxengo.audio-plugins.vst3.overtonegeq,ParallelAggressor.vst3/Overtone GEQ.vst3
waproduction,com.waproduction.vocalsplitter,VocalSplitter.vst3
waproduction,com.waproduction.babylon,Babylon.vst3
waproduction,com.waproduction.vinaixtt,VINAIXTT.vst3
waproduction,com.waproduction.puncher2lite,Puncher2Lite.vst3
waproduction,com.waproduction.outlawcm,OutlawCM.vst3
waproduction,com.waproduction.imprint,Imprint.vst3
waproduction-samples,com.waproduction-samples.vst3.combear,ComBear.vst3
wavesfactory,com.wavesfactory.echocat,Echo Cat.vst3
wavesfactory,com.wavesfactory.flash,Flash.vst3
wavesfactory,com.wavesfactory.trackspacer25,Trackspacer25.vst3
xfer,com.xfer.ott.vst3,OTT.vst3
xfer,com.xfer.serumfx.vst3,SerumFX.vst3
xfer,com.xfer.serum.vst3,Serum.vst3
xfer,com.xfer.cthulhu.vst3,Cthulhu.vst3
xlnaudio,com.xlnaudio.addictivekeys,Addictive Keys.vst3
xlnaudio,com.xlnaudio.addictivedrums2,Addictive Drums 2.vst3
xlnaudio,com.xlnaudio.rc20retrocolor,RC-20 Retro Color.vst3
xlnaudio,com.xlnaudio.ds10drumshaper,DS-10 Drum Shaper.vst3
xlnaudio,com.xlnaudio.xo,XO.vst3
xlnaudio,com.xlnaudio.addictivetrigger,Addictive Trigger.vst3
yourcompany,com.yourcompany.samplab,Samplab.vst3
zeek,com.zeek.vst3.stfu,STFU.vst3
